{
    "uva": {
        "vital": {
            "include": true,
            "path": "/Users/jiaxingqiu/Documents/BSI/code/DeepDiag/data/bsi_old_deidentified_final.csv",
            "info": "Vital signs data from UVA"
        },
        "lab": {
            "include": true,
            "path": "/Users/jiaxingqiu/Documents/BSI/code/DeepDiag/data/uva_lab.csv",
            "info": "Lab results data from UVA"
        }
    },
    "mimic": {
        "vital": {
            "include": false,
            "path": "/Users/jiaxingqiu/Documents/BSI/code/DeepDiag/data/mimic_patient_data_minutes.csv",
            "info": "Vital signs data from MIMIC"
        },
        "lab": {
            "include": false,
            "path": "/Users/jiaxingqiu/Documents/BSI/code/DeepDiag/data/mimic_labs_minutes_combined.csv",
            "info": "Lab results data from MIMIC"
        }
    }
}