{"source_1": {"csv_file_1": {"include": true, "path": "cohort_1 csv_file_1 full path here", "info": "a short description of cohort_1 csv_file_1"}, "file_2": {"include": true, "path": "cohort_1 csv_file_2 full path here", "info": "a short description of cohort_1 csv_file_2"}}, "source_2": {"csv_file_1": {"include": true, "path": "cohort_2 csv_file_1 full path here", "info": "a short description of cohort_1 csv_file_1"}, "file_2": {"include": false, "path": "cohort_2 csv_file_2 full path here", "info": "a short description of cohort_1 csv_file_2"}}}