{
  "__uid": {
    "src_names": [
      "id",
      "ID",
      "subject_id",
      "subject_id"
    ],
    "label": "unique subject id for current study",
    "unique_per_sbj": true
  },
  "__time": {
    "src_names": [
      "tsa",
      "tsa",
      "timeMinutes",
      "timeMinutes"
    ],
    "label": "time since admission",
    "unit": "minute"
  },
  "__anchor": {
    "src_names": [
      "True_positive",
      "True positive"
    ],
    "label": "anchor for an episode",
    "unique_per_sbj": false,
    "factor": {
      "levels": {
        "__neg_nbc": [
          "0",
          "0.0",
          "nan"
        ],
        "__pos": [
          "1",
          "1.0"
        ]
      },
      "impute_per_sbj": {
        "nan_level": "__neg_nbc"
      }
    }
  },
  "y": {
    "output": true,
    "src_names": [
      "True_positive",
      "True positive"
    ],
    "label": "Event outcome result",
    "unique_per_sbj": false,
    "factor": {
      "levels": {
        "nbc":[
          "nan"
        ],
        "neg": [
          "0",
          "0.0"
        ],
        "pos": [
          "1",
          "1.0"
        ]
      },
      "impute_per_sbj": {
        "nan_level": "nbc"
      }
    }
  },
  "txp":{
    "input": true,
    "src_names": [
      "Confirmed Txp"
    ],
    "label": "Transplant recipient",
    "unique_per_sbj": true,
    "factor": {
      "levels": {
        "no": [
          "0",
          "0.0",
          "nan"
        ],
        "yes": [
          "1",
          "1.0"
        ]
      },
      "impute_per_sbj": {
        "nan_level": "no"
      }
    }
  },
  "age": {
    "input": true,
    "src_names": [
      "age",
      "AGE"
    ],
    "label": "age at admission",
    "unique_per_sbj": true,
    "numeric": {
      "scaler": "none",
      "unit": "year",
      "cutoff": {
        "quantile_min": 0.0001,
        "quantile_max": 0.9999,
        "value_min": 0,
        "value_max": 110
      },
      "impute_per_sbj": {
        "forward": 0,
        "backward": 0
      }
    }
  },
  
  "temp": {
    "input": true,
    "src_names": [
      "Temp",
      "tempc"
    ],
    "label": "subject body temperature",
    "unique_per_sbj": false,
    "numeric": {
      "scaler": "none",
      "unit": "celsius",
      "cutoff": {
        "quantile_min": 0.0001,
        "quantile_max": 0.9999,
        "value_min": 33,
        "value_max": 50
      },
      "impute_per_sbj": {
        "forward": 1440,
        "backward": 720
      }
    }
  },
  "heart_rate": {
    "input": true,
    "src_names": [
      "hr",
      "heartrate"
    ],
    "label": "subject heart rate",
    "unique_per_sbj": false,
    "numeric": {
      "scaler": "none",
      "unit": "beats per minute",
      "cutoff": {
        "quantile_min": 0.0001,
        "quantile_max": 0.9999,
        "value_min": 10,
        "value_max": 200
      },
      "impute_per_sbj": {
        "forward": 1440,
        "backward": 720
      }
    }
  },
  "resp_rate": {
    "input": true,
    "src_names": [
      "rr",
      "resprate"
    ],
    "label": "subject respiratory rate",
    "unique_per_sbj": false,
    "numeric": {
      "scaler": "none",
      "cutoff": {
        "quantile_min": 0.0001,
        "quantile_max": 0.9999,
        "value_min": 0,
        "value_max": 200
      },
      "unit": "mm Hg",
      "impute_per_sbj": {
        "forward": 1440,
        "backward": 720
      }
    }
  },
  "spo2": {
    "input": true,
    "src_names": [
      "so2"
    ],
    "label": "SpO2",
    "unique_per_sbj": false,
    "numeric": {
      "scaler": "none",
      "cutoff": {
        "quantile_min": 0.0001,
        "quantile_max": 0.9999,
        "value_min": 0,
        "value_max": 79
      },
      "unit": "",
      "impute_per_sbj": {
        "forward": 1440,
        "backward": 720
      }
    }
  },
  "x_hr_rr": {
    "input": true,
    "src_names": [
      "x.hr.rr"
    ],
    "label": "cross correlation between HR and resp_rate",
    "unique_per_sbj": false,
    "numeric": {
      "scaler": "none",
      "unit": "",
      "cutoff": {
        "quantile_min": 0.0,
        "quantile_max": 1,
        "value_min": -1,
        "value_max": 1
      },
      "impute_per_sbj": {
        "forward": 1440,
        "backward": 720
      }
    }
  },
  "x_hr_spo2": {
    "input": true,
    "src_names": [
      "x.hr.spo2"
    ],
    "label": "cross correlation between HR and spo2",
    "unique_per_sbj": false,
    "numeric": {
      "scaler": "none",
      "unit": "",
      "cutoff": {
        "quantile_min": 0.0,
        "quantile_max": 1,
        "value_min": -1,
        "value_max": 1
      },
      "impute_per_sbj": {
        "forward": 1440,
        "backward": 720
      }
    }
  },
  "x_rr_spo2": {
    "input": true,
    "src_names": [
      "x.hr.spo2"
    ],
    "label": "cross correlation between resp_rate and spo2",
    "unique_per_sbj": false,
    "numeric": {
      "scaler": "none",
      "unit": "",
      "cutoff": {
        "quantile_min": 0.0,
        "quantile_max": 1,
        "value_min": -1,
        "value_max": 1
      },
      "impute_per_sbj": {
        "forward": 1440,
        "backward": 720
      }
    }
  },
  "s_hr": {
    "input": true,
    "src_names": [
      "s.hr"
    ],
    "label": "HR sd",
    "unique_per_sbj": false,
    "numeric": {
      "scaler": "none",
      "unit": "",
      "cutoff": {
        "quantile_min": 0.0,
        "quantile_max": 1,
        "value_min": -99999,
        "value_max": 99999
      },
      "impute_per_sbj": {
        "forward": 1440,
        "backward": 720
      }
    }
  },
  "s_rr": {
    "input": true,
    "src_names": [
      "s.rr"
    ],
    "label": "resp_rate sd",
    "unique_per_sbj": false,
    "numeric": {
      "scaler": "none",
      "unit": "",
      "cutoff": {
        "quantile_min": 0.0,
        "quantile_max": 1,
        "value_min": -99999,
        "value_max": 99999
      },
      "impute_per_sbj": {
        "forward": 1440,
        "backward": 720
      }
    }
  },
  "s_so2": {
    "input": true,
    "src_names": [
      "s.so2"
    ],
    "label": "SPO2 sd",
    "unique_per_sbj": false,
    "numeric": {
      "scaler": "none",
      "unit": "",
      "cutoff": {
        "quantile_min": 0.0,
        "quantile_max": 1,
        "value_min": -99999,
        "value_max": 99999
      },
      "impute_per_sbj": {
        "forward": 1440,
        "backward": 720
      }
    }
  },
  "systolic_blood_pressure": {
    "input": true,
    "src_names": [
      "SBP",
      "sysbp"
    ],
    "label": "subject systolic blood pressure",
    "unique_per_sbj": false,
    "numeric": {
      "scaler": "none",
      "unit": "mm Hg",
      "cutoff": {
        "quantile_min": 0.0001,
        "quantile_max": 0.9999,
        "value_min": 40,
        "value_max": 250
      },
      "impute_per_sbj": {
        "forward": 1440,
        "backward": 720
      }
    }
  },
  "diastolic_blood_pressure": {
    "input": true,
    "src_names": [
      "DBP",
      "diasbp"
    ],
    "label": "subject diastolic blood pressure",
    "unique_per_sbj": false,
    "numeric": {
      "scaler": "none",
      "unit": "mm Hg",
      "cutoff": {
        "quantile_min": 0.0001,
        "quantile_max": 0.9999,
        "value_min": 26,
        "value_max": 150
      },
      "impute_per_sbj": {
        "forward": 1440,
        "backward": 720
      }
    }
  },
  
  
  "glucose": {
    "input": true,
    "src_names": [
      "GLUCOSE",
      "Glucose"
    ],
    "label": "Glucose",
    "unique_per_sbj": false,
    "numeric": {
      "scaler": "none",
      "cutoff": {
        "quantile_min": 0.0001,
        "quantile_max": 0.9999,
        "value_min": 49,
        "value_max": 460
      },
      "unit": "",
      "impute_per_sbj": {
        "forward": 2880,
        "backward": 1440
      }
    }
  },
  "bilirubin": {
    "input": true,
    "src_names": [
      "TOTAL.BILIRUBIN",
      "bilirubin"
    ],
    "label": "Bilirubin",
    "unique_per_sbj": false,
    "numeric": {
      "scaler": "none",
      "cutoff": {
        "quantile_min": 0.0001,
        "quantile_max": 0.9999,
        "value_min": 0,
        "value_max": 50
      },
      "unit": "",
      "impute_per_sbj": {
        "forward": 2880,
        "backward": 1440
      }
    }
  },
  "potassium": {
    "input": true,
    "src_names": [
      "POTASSIUM",
      "Potassium"
    ],
    "label": "Potassium",
    "unique_per_sbj": false,
    "numeric": {
      "scaler": "none",
      "cutoff": {
        "quantile_min": 0.0001,
        "quantile_max": 0.9999,
        "value_min": 2.4,
        "value_max": 6.6
      },
      "unit": "",
      "impute_per_sbj": {
        "forward": 2880,
        "backward": 1440
      }
    }
  },
  "albumin": {
    "input": true,
    "src_names": [
      "Albumin",
      "ALBUMIN"
    ],
    "label": "Albumin",
    "unique_per_sbj": false,
    "numeric": {
      "scaler": "none",
      "cutoff": {
        "quantile_min": 0.0001,
        "quantile_max": 0.9999,
        "value_min": 0,
        "value_max": 5
      },
      "unit": "",
      "impute_per_sbj": {
        "forward": 2880,
        "backward": 1440
      }
    }
  },
  "calcium": {
    "input": true,
    "src_names": [
      "CALCIUM",
      "Calcium"
    ],
    "label": "Calcium",
    "unique_per_sbj": false,
    "numeric": {
      "scaler": "none",
      "cutoff": {
        "quantile_min": 0.0001,
        "quantile_max": 0.9999,
        "value_min": 6.1,
        "value_max": 12
      },
      "unit": "",
      "impute_per_sbj": {
        "forward": 2880,
        "backward": 1440
      }
    }
  },
  "sodium": {
    "input": true,
    "src_names": [
      "SODIUM",
      "Sodium"
    ],
    "label": "Sodium",
    "unique_per_sbj": false,
    "numeric": {
      "scaler": "none",
      "cutoff": {
        "quantile_min": 0.0001,
        "quantile_max": 0.9999,
        "value_min": 119,
        "value_max": 172
      },
      "unit": "",
      "impute_per_sbj": {
        "forward": 2880,
        "backward": 1440
      }
    }
  },
  "wbc": {
    "input": true,
    "src_names": [
      "WHITE.BLOOD.CELL.COUNT",
      "WBC"
    ],
    "label": "WBC",
    "unique_per_sbj": false,
    "numeric": {
      "scaler": "none",
      "cutoff": {
        "quantile_min": 0.0001,
        "quantile_max": 0.9999,
        "value_min": 0,
        "value_max": 33.85
      },
      "unit": "",
      "impute_per_sbj": {
        "forward": 2880,
        "backward": 1440
      }
    }
  },
  "phosphorus": {
    "input": true,
    "src_names": [
      "PHOSPHORUS"
    ],
    "label": "Phosphorus",
    "unique_per_sbj": false,
    "numeric": {
      "scaler": "none",
      "cutoff": {
        "quantile_min": 0.0001,
        "quantile_max": 0.9999,
        "value_min": 5,
        "value_max": 8
      },
      "unit": "",
      "impute_per_sbj": {
        "forward": 2880,
        "backward": 1440
      }
    }
  },
  "protin_inr": {
    "input": true,
    "src_names": [
      "PROTIME_INR"
    ],
    "label": "Protin_inr",
    "unique_per_sbj": false,
    "numeric": {
      "scaler": "none",
      "cutoff": {
        "quantile_min": 0.0001,
        "quantile_max": 0.9999,
        "value_min": 0,
        "value_max": 5
      },
      "unit": "",
      "impute_per_sbj": {
        "forward": 2880,
        "backward": 1440
      }
    }
  },
  "creatinine": {
    "input": true,
    "src_names": [
      "CREATININE",
      "Creatinine"
    ],
    "label": "Creatinine",
    "unique_per_sbj": false,
    "numeric": {
      "scaler": "none",
      "cutoff": {
        "quantile_min": 0.0001,
        "quantile_max": 0.9999,
        "value_min": 0,
        "value_max": 10
      },
      "unit": "",
      "impute_per_sbj": {
        "forward": 2880,
        "backward": 1440
      }
    }
  },
  "platelet_count": {
    "input": true,
    "src_names": [
      "PLATELET.COUNT",
      "plateletcount"
    ],
    "label": "PlateletCount",
    "unique_per_sbj": false,
    "numeric": {
      "scaler": "none",
      "cutoff": {
        "quantile_min": 0.0001,
        "quantile_max": 0.9999,
        "value_min": 0,
        "value_max": 1001
      },
      "unit": "",
      "impute_per_sbj": {
        "forward": 2880,
        "backward": 1440
      }
    }
  },
  "alt": {
    "input": true,
    "src_names": [
      "ALT.GPT",
      "ALT"
    ],
    "label": "ALT",
    "unique_per_sbj": false,
    "numeric": {
      "scaler": "none",
      "cutoff": {
        "quantile_min": 0.0001,
        "quantile_max": 0.9999,
        "value_min": 0,
        "value_max": 1085
      },
      "unit": "",
      "impute_per_sbj": {
        "forward": 2880,
        "backward": 1440
      }
    }
  },
  "alp": {
    "input": true,
    "src_names": [
      "ALKALINE.PHOSPHATASE",
      "ALP"
    ],
    "label": "ALP",
    "unique_per_sbj": false,
    "numeric": {
      "scaler": "none",
      "cutoff": {
        "quantile_min": 0.0001,
        "quantile_max": 0.9999,
        "value_min": 0,
        "value_max": 800
      },
      "unit": "",
      "impute_per_sbj": {
        "forward": 2880,
        "backward": 1440
      }
    }
  },
  "ast": {
    "input": true,
    "src_names": [
      "AST.GOT",
      "AST"
    ],
    "label": "AST",
    "unique_per_sbj": false,
    "numeric": {
      "scaler": "none",
      "cutoff": {
        "quantile_min": 0.0001,
        "quantile_max": 0.9999,
        "value_min": 0,
        "value_max": 1203
      },
      "unit": "",
      "impute_per_sbj": {
        "forward": 2880,
        "backward": 1440
      }
    }
  },
  "pco2": {
    "input": true,
    "src_names": [
      "PCO2",
      "PaCO2"
    ],
    "label": "PCO2",
    "unique_per_sbj": false,
    "numeric": {
      "scaler": "none",
      "cutoff": {
        "quantile_min": 0.0001,
        "quantile_max": 0.9999,
        "value_min": 0,
        "value_max": 100.5
      },
      "unit": "",
      "impute_per_sbj": {
        "forward": 2880,
        "backward": 1440
      }
    }
  },
  "chloride": {
    "input": true,
    "src_names": [
      "CHLORIDE",
      "Chloride"
    ],
    "label": "Chloride",
    "unique_per_sbj": false,
    "numeric": {
      "scaler": "none",
      "cutoff": {
        "quantile_min": 0.0001,
        "quantile_max": 0.9999,
        "value_min": 83,
        "value_max": 132
      },
      "unit": "",
      "impute_per_sbj": {
        "forward": 2880,
        "backward": 1440
      }
    }
  },
  "troponin": {
    "input": true,
    "src_names": [
      "TROPONIN.I",
      "Troponin"
    ],
    "label": "Troponin",
    "unique_per_sbj": false,
    "numeric": {
      "scaler": "none",
      "cutoff": {
        "quantile_min": 0.0001,
        "quantile_max": 0.9999,
        "value_min": 0,
        "value_max": 23.5
      },
      "unit": "",
      "impute_per_sbj": {
        "forward": 2880,
        "backward": 1440
      }
    }
  },
  "ptt": {
    "input": true,
    "src_names": [
      "PARTIAL.THROMBOPLASTIN.TIME",
      "PTT"
    ],
    "label": "partial_thromboplastin_time",
    "unique_per_sbj": false,
    "numeric": {
      "scaler": "none",
      "cutoff": {
        "quantile_min": 0.0001,
        "quantile_max": 0.9999,
        "value_min": 0,
        "value_max": 140
      },
      "unit": "",
      "impute_per_sbj": {
        "forward": 2880,
        "backward": 1440
      }
    }
  },
  "lactate": {
    "input": true,
    "src_names": [
      "Lactate",
      "LACTIC.ACID"
    ],
    "label": "Lactate",
    "unique_per_sbj": false,
    "numeric": {
      "scaler": "none",
      "cutoff": {
        "quantile_min": 0.0001,
        "quantile_max": 0.9999,
        "value_min": 0,
        "value_max": 19.1
      },
      "unit": "",
      "impute_per_sbj": {
        "forward": 2880,
        "backward": 1440
      }
    }
  },
  "bun": {
    "input": true,
    "src_names": [
      "BLOOD.UREA.NITROGEN",
      "BUN"
    ],
    "label": "BUN",
    "unique_per_sbj": false,
    "numeric": {
      "scaler": "none",
      "cutoff": {
        "quantile_min": 0.0001,
        "quantile_max": 0.9999,
        "value_min": 0,
        "value_max": 143
      },
      "unit": "",
      "impute_per_sbj": {
        "forward": 2880,
        "backward": 1440
      }
    }
  },
  "o2sat": {
    "input": true,
    "src_names": [
      "OXYGEN_SATURATION"
    ],
    "label": "Oxygen Satuation",
    "unique_per_sbj": false,
    "numeric": {
      "scaler": "none",
      "cutoff": {
        "quantile_min": 0.0001,
        "quantile_max": 0.9999,
        "value_min": 0,
        "value_max": 17.6
      },
      "unit": "",
      "impute_per_sbj": {
        "forward": 2880,
        "backward": 1440
      }
    }
  },
  "magnesium": {
    "input": true,
    "src_names": [
      "MAGNESIUM",
      "Magnesium"
    ],
    "label": "Magnesium",
    "unique_per_sbj": false,
    "numeric": {
      "scaler": "none",
      "cutoff": {
        "quantile_min": 0.0001,
        "quantile_max": 0.9999,
        "value_min": 0,
        "value_max": 3.4
      },
      "unit": "",
      "impute_per_sbj": {
        "forward": 2880,
        "backward": 1440
      }
    }
  }
}