{"__uid": {"src_names": ["id", "subjectnbr", "ID"], "label": "unique study subject id", "unique_per_sbj": true}, "__time": {"src_names": ["hoursincebirth"], "label": "time since birth", "unique_per_sbj": false, "unit": "hour"}, "__anchor": {"src_names": ["y"], "label": "anchor of an episode", "unique_per_sbj": false, "factor": {"levels": {"__1": ["1", "1.0"], "__2": ["2", "2.0"], "__3": ["3", "3.0"]}}}, "log_BI": {"output": true, "src_names": ["log_burden_index"], "label": "log of episode burden index", "unique_per_sbj": false, "numeric": {"scaler": "none", "unit": "log(percentage of daily episode duration +0.0001)", "cutoff": {"quantile_min": 0.0001, "quantile_max": 0.9999, "value_min": -8, "value_max": 0}, "impute_per_sbj": {"forward": 0, "backward": 0}}}, "age": {"input": false, "src_names": ["Age"], "label": "patient age at admission", "unique_per_sbj": true, "numeric": {"scaler": "none", "unit": "year", "cutoff": {"quantile_min": 0.0001, "quantile_max": 0.9999, "value_min": 0, "value_max": 120}, "impute_per_sbj": {"forward": 0, "backward": 0}}}, "HRMean": {"input": false, "src_names": ["HRMean", "HeartRate"], "label": "patient houly mean heart rate", "unique_per_sbj": false, "numeric": {"scaler": "none", "unit": "beats per minute", "cutoff": {"quantile_min": 0.0001, "quantile_max": 0.9999, "value_min": 40, "value_max": 140}, "impute_per_sbj": {"forward": 1, "backward": 0}}}}